"","date","Trump","Cruz","Kasich","Bush","Carson","Christie","Fiorina","Graham","Huckabee","Jindal","Pataki","Paul","Perry","Rubio","Santorum","Walker"
"1",2016-05-08,56.3974433400744,23.4070401051612,13.827034922064,0,0,0,0,0,0,0,0,0,0,0,0,0
"2",2016-05-04,54.1628288482914,24.380542536574,14.6490584610945,0,0,0,0,0,0,0,0,0,0,0,0,0
"3",2016-05-02,53.0851163458856,24.8460481052293,15.051272791145,0,0,0,0,0,0,0,0,0,0,0,0,0
"4",2016-05-01,52.5548098061888,25.0736299374547,15.2496296354969,0,0,0,0,0,0,0,0,0,0,0,0,0
"5",2016-04-29,51.5071675768583,25.5202391183313,15.6401851855428,0,0,0,0,0,0,0,0,0,0,0,0,0
"6",2016-04-28,50.9878718774576,25.7409859896725,15.8323079824032,0,0,0,0,0,0,0,0,0,0,0,0,0
"7",2016-04-27,50.470744345905,25.9610922174652,16.022416339807,0,0,0,0,0,0,0,0,0,0,0,0,0
"8",2016-04-26,49.9558911059735,26.1808888724605,16.2105996558734,0,0,0,0,0,0,0,0,0,0,0,0,0
"9",2016-04-24,48.9374520168227,26.6178378149024,16.5802228558394,0,0,0,0,0,0,0,0,0,0,0,0,0
"10",2016-04-22,47.9562202552878,27.0385299949224,16.9343814651771,0,0,0,0,0,0,0,0,0,0,0,0,0
"11",2016-04-20,47.0762697111879,27.408009601776,17.2583802526387,0,0,0,0,0,0,0,0,0,0,0,0,0
"12",2016-04-19,46.7685049380913,27.5284612507281,17.3511774868752,0,0,0,0,0,0,0,0,0,0,0,0,0
"13",2016-04-17,46.0559134251254,27.8104545300655,17.6305968389976,0,0,0,0,0,0,0,0,0,0,0,0,0
"14",2016-04-14,45.1798798064382,28.1339333313979,17.9090151753208,0,0,0,0,0,0,0,0,0,0,0,0,0
"15",2016-04-13,44.9176787578308,28.3150071288422,17.9879600672045,0,0,0,0,0,0,0,0,0,0,0,0,0
"16",2016-04-12,44.6293218462686,28.4267284737203,18.0891042892589,0,0,0,0,0,0,0,0,0,0,0,0,0
"17",2016-04-11,44.3374059209458,28.5758944589288,18.2016010051842,0,0,0,0,0,0,0,0,0,0,0,0,0
"18",2016-04-10,44.1976294613604,28.7467169818614,18.2649107197946,0,0,0,0,0,0,0,0,0,0,0,0,0
"19",2016-04-06,43.7319576681035,29.3000751912735,18.5008937450571,0,0,0,0,0,0,0,0,0,0,0,0,0
"20",2016-04-03,43.5002014063816,29.6110484029169,18.5550354458024,0,0,0,0,0,0,0,0,0,0,0,0,0
"21",2016-04-02,43.2732968973804,29.7599931527342,18.6099959319561,0,0,0,0,0,0,0,0,0,0,0,0,0
"22",2016-03-31,43.0188412743692,29.9553191229576,18.6099414210049,0,0,0,0,0,0,0,0,0,0,0,0,0
"23",2016-03-29,43.1668094424184,29.8163485682319,18.4123891864165,0,0,0,0,0,0,0,0,0,0,0,0,0
"24",2016-03-27,43.4452449564953,29.4367647320205,18.0248793132089,0,0,0,0,0,0,0,0,0,0,0,0,0
"25",2016-03-26,43.5991741838377,29.236059590233,17.8270360816618,0,0,0,0,0,0,0,0,0,0,0,0,0
"26",2016-03-23,43.9422199072395,28.4603928467078,17.0270987218194,0,0,0,0,0,0,0,0,0,0,0,0,0
"27",2016-03-22,44.0303558183301,28.1657251294865,16.7360706119047,0,0,0,0,0,0,0,0,0,0,0,0,0
"28",2016-03-21,44.0144681891064,27.7380319898767,16.3119120420758,0,0,0,0,0,0,0,0,0,0,0,0,0
"29",2016-03-20,43.9621845014786,27.2733767576203,15.8321743804118,0,0,0,0,0,0,0,0,0,0,8.93393777105997,0,0
"30",2016-03-18,43.818350356149,26.3969057756683,14.9167519003863,0,0,0,0,0,0,0,0,0,0,0,0,0
"31",2016-03-17,43.4414723557336,26.0684512416595,14.5563184347105,0,0,0,0,0,0,0,0,0,0,0,0,0
"32",2016-03-16,42.9777765058009,25.781021650482,14.1928459639983,0,0,0,0,0,0,0,0,0,0,10.7478912518225,0,0
"33",2016-03-13,41.9872108493453,24.6880315971936,13.0131858207513,0,0,0,0,0,0,0,0,0,0,12.0496980268103,0,0
"34",2016-03-12,41.7004232668853,24.2978629498767,12.5836902932592,0,0,0,0,0,0,0,0,0,0,12.4712841816505,0,0
"35",2016-03-09,41.2561907746716,22.9294156554913,11.3279695854466,0,7.1359432897108,0,0,0,0,0,0,0,0,13.6963338874246,0,0
"36",2016-03-06,41.3044196672047,21.6279642515083,10.1886760431462,0,7.44206014816212,0,0,0,0,0,0,0,0,14.8659329023876,0,0
"37",2016-03-02,40.4457824548112,20.3492647579877,8.98558842385542,0,7.82841645059778,0,0,0,0,0,0,0,0,16.300999505954,0,0
"38",2016-02-28,40.0332346994252,19.3993965397208,8.15702777865491,0,8.12378803038104,0,0,0,0,0,0,0,0,17.0175713890942,0,0
"39",2016-02-27,39.7817675675786,19.3047549054485,8.03085498502531,0,8.22459508683276,0,0,0,0,0,0,0,0,16.8422785544795,0,0
"40",2016-02-25,39.6316421716107,18.8252971289046,7.62855663614089,0,8.42475125317939,0,0,0,0,0,0,0,0,16.6864970289664,0,0
"41",2016-02-24,39.7270112523305,18.4455070133636,7.37941155788618,4.54598630927899,8.51750047131874,0,0,0,0,0,0,0,0,16.6253757359924,0,0
"42",2016-02-22,39.271821255904,18.3450217697484,7.10639889688694,0,8.64649791211368,0,0,0,0,0,0,0,0,16.2347124957145,0,0
"43",2016-02-21,38.987188721103,18.3491289213691,6.97576677452237,4.85552598089401,8.66414217860178,0,0,0,0,0,0,0,0,16.0197916770007,0,0
"44",2016-02-17,37.70431463002,18.6266980260353,6.38241538445903,5.17019263257275,8.73247860242277,0,0,0,0,0,0,0,0,15.2198428182347,0,0
"45",2016-02-16,37.4058665675218,18.6780886843637,6.26438789263147,5.23964178435987,8.77446578790693,0,0,0,0,0,0,0,0,15.028275451959,0,0
"46",2016-02-15,37.2971073777854,18.701102053811,6.06024420570386,5.30636503044946,8.82456255877423,0,0,0,0,0,0,0,0,14.8318121657034,0,0
"47",2016-02-14,37.0960788615991,18.7482412495115,5.74655994936049,5.36863751443532,8.7345013168007,0,2.13938075724273,0,0,0,0,0,0,14.8788648019608,0,0
"48",2016-02-11,36.6585561628067,18.7081976806963,5.01077819040348,5.47367411914973,8.52624346371657,0,0,0,0,0,0,0,0,14.8223828234153,0,0
"49",2016-02-10,36.634855181547,18.6814208587014,4.75712621480103,5.44272591077829,8.4458610663921,3.06673218196914,2.15114596503135,0,0,0,0,0,0,14.7395937080117,0,0
"50",2016-02-07,36.6420912530792,18.6042384111463,4.03073399197599,5.23788310894245,8.19428379299258,3.02419849615988,2.15580755195135,0,1.41147990295347,0,0,3.04254051864247,0,14.3936734762653,0.454947736481296,0
"51",2016-02-04,36.4308674141496,18.5328874010302,3.31521754521463,5.11716127948639,8.08380232443213,2.98829198853855,2.1632351517224,0,0,0,0,0,0,14.030824732653,0,0
"52",2016-02-03,36.3549467635487,18.4421547613712,3.1942469861515,5.08228593702579,8.0597069895128,2.97852615479516,2.16678404128713,0,1.62000570605048,0,0,3.00423368112751,0,13.8276327584746,0.503051329183688,0
"53",2016-02-01,36.373250849054,18.1617242347535,3.0722350226715,5.06034841079014,8.0380240821562,2.96293962637313,2.17219631821516,0,1.72247735304391,0,0,2.98424188834473,0,13.2147394592265,0.525096421101123,0
"54",2016-01-31,36.4525563004631,18.0081098318097,3.02397416716245,5.07850469707322,8.04343709338974,2.95679150686687,2.16977551628073,0,1.77496967150083,0,0,2.97542250947192,0,12.8628693596619,0.536391915534778,0
"55",2016-01-30,36.5482992987175,17.8744003786166,2.97801305798534,5.0936893120126,8.03767131826317,2.95125269647369,2.15933843252613,0,1.82850598409505,0,0,2.96779905391747,0,12.549941462399,0.548167939526134,0
"56",2016-01-27,36.8704011460309,17.4741277331826,2.85831790786912,5.11850885474255,7.99113298263142,2.93060792068329,2.11744851354884,0,1.9916396893246,0,0,2.95187295589055,0,11.6222728414905,0.58677239906959,0
"57",2016-01-26,36.9989415725278,17.3654456962056,2.80829941139425,5.15345609286908,8.01247051765739,2.91799095138157,2.10168931195945,0,2.04331872888443,0,0,2.94650439170559,0,11.3084617390896,0.600253035014874,0
"58",2016-01-24,37.2452711308442,17.1464008629847,2.69278811156862,5.2293791035892,8.08043020394374,2.90639898962939,2.08456963351531,0,2.12579030162983,0,0,2.91967554310244,0,10.6944136316105,0.624493604804103,0
"59",2016-01-21,37.2055777309545,17.0288106256428,2.54615814932092,5.33623339553886,8.24712020700586,3.01709907623809,2.16277526053548,0,2.16752366556669,0,0,2.82407818141964,0,10.2460091043992,0.625886145627558,0
"60",2016-01-20,37.237454997954,17.1751207646898,2.53722435413419,5.33616815917121,8.28458321941813,3.08206635268839,2.21421658741821,0,2.18241313378125,0,0,2.79637943432746,0,10.2725157143494,0.612663742496817,0
"61",2016-01-19,37.265803947969,17.1949197352162,2.50545263105727,5.3607112599364,8.3334696896076,3.15763387481451,2.25998401918212,0,2.20714422275117,0,0,2.767586393362,0,10.2181208842749,0.605394341995071,0
"62",2016-01-18,37.2871187543881,17.3573660508403,2.49551636443133,5.32549544061579,8.34097367260259,3.19509364890824,2.29418727474637,0,2.20184219967614,0,0,2.75214337441432,0,10.2668461673073,0.602020267260384,0
"63",2016-01-17,37.3313695654268,17.463150114022,2.47968704160916,5.30447238079435,8.35272558498072,3.23940738209695,2.3267306940521,0,2.20223549079147,0,0,2.74341153971269,0,10.2948782377323,0.604322403065406,0
"64",2016-01-13,37.297586290725,17.830869416969,2.39931416312313,5.25965027942922,8.4813040989288,3.34487785949122,2.41763132710199,0,2.13617625897815,0,0,2.75616556675494,0,10.5972618566425,0.647167837259694,0
"65",2016-01-11,37.2727234726238,17.8757121269323,2.32489493249371,5.28766853759576,8.65121409222053,3.36497553009753,2.42499398750055,0,2.1021206606697,0,0,2.760489140591,0,10.7942190524735,0.673811902938413,0
"66",2016-01-10,37.2565409481736,17.9444184135003,2.29709610053381,5.29214430111774,8.71822893674807,3.38537973798465,2.44169068500289,0,2.089125670311,0,0,2.76232022706636,0,10.882351689664,0.687787101137516,0
"67",2016-01-08,37.2451704149515,17.9332746301948,2.21107469532077,5.32868363923612,8.92100430558093,3.38071975833154,2.42108440714053,0,2.04867011933321,0,0,2.75385355944589,0,11.0731150982088,0,0
"68",2016-01-07,37.2361654043717,17.8996668513727,2.16341382887244,5.34365846582531,9.02109983488712,3.36471912574007,2.39538646901007,0,2.01494297525216,0,0,2.74568717363837,0,11.1740101849775,0.727997425012826,0
"69",2016-01-06,37.2925169686116,17.7227582746273,2.13092690476531,5.3852446778636,9.10760863927459,3.33729545049675,2.35360474392345,0,2.01832891454905,0,0,2.7412713038382,0,11.1848154573139,0.734857719595917,0
"70",2016-01-03,37.2263454146161,17.5285278577018,2.12402841599852,5.36237156034455,9.12178488240194,3.37666578654317,2.30664735996994,0,1.96608753907668,0,0,2.74460945168225,0,11.2282452042266,0.74102287554997,0
"71",2015-12-30,36.9612317230758,17.425213180041,2.14543632199701,5.35419610653514,9.10772109976609,3.47056471343632,2.41027133148803,0,1.9634939078069,0,-0.0197769053025445,2.7237382304494,0,11.2389882384804,0.729801797851886,0
"72",2015-12-23,36.9165731498976,16.4461191785696,2.01531636242893,5.53419632511311,9.54225778845649,3.43093753869728,2.36841613404741,0,1.98279890163415,0,0.0798627852585028,2.69319400697454,0,11.3650763972982,0.761142232438015,0
"73",2015-12-21,36.937902792325,16.2745160776087,2.04776114490936,5.51580195650147,9.56434549296588,3.4420195550844,2.39005568169822,0.70977942373708,2.02433939271024,0,0.105069878485785,2.66366805972253,0,11.2746636494166,0.727387014743386,0
"74",2015-12-20,36.925679306218,16.1954587211321,2.06691375166977,5.48568607651725,9.58705154909155,3.44740317613357,2.4152914367522,0.69086963136782,2.03762548320097,0,0.116944794888021,2.65005192986948,0,11.2330706670015,0.699817492691476,0
"75",2015-12-17,36.6828592809258,15.7158898291078,2.13966084041628,5.40982445276319,9.94853277095482,3.42207228764444,2.47177288033049,0.630049636664253,2.06592997450382,0,0.14947114866536,2.58136631593571,0,11.325343859254,0.620935167284046,0
"76",2015-12-16,36.5343573375178,15.5165936341704,2.15051295447894,5.38892972509484,10.1563860849045,3.393999368804,2.479677298683,0.608948092099125,2.0684954175431,0,0.159284650337194,2.55789159582672,0,11.3923790503905,0.602991547356841,0
"77",2015-12-15,36.4017767331588,15.3800821799826,2.15663201018348,5.36337292275331,10.307021307315,3.383960617232,2.50192326043594,0.587790671550362,2.06662771371424,0,0.168621349582534,2.53793330861841,0,11.4296366095506,0.57673056842571,0
"78",2015-12-13,36.0617848281234,14.9922568422895,2.18168156348523,5.32252265325476,10.7988954304505,3.30986024029509,2.52064057025854,0.546144664651978,2.06984541597631,0,0.186014971002837,2.48980264720755,0,11.5775788498963,0.522949915807237,0
"79",2015-12-09,35.4198314776631,14.0538282284074,2.20433126268938,5.24820361761587,11.9462363599234,3.09456298988707,2.51530904431666,0.469042906394116,2.05686057171298,0,0.21362181350377,2.38852572999233,0,11.9029256247624,0.424190610336653,0
"80",2015-12-08,35.2232558481552,13.8311365215591,2.2121081394209,5.2150888405392,12.2700143923168,3.04053078879885,2.50276035448368,0.450846379149798,2.05575319781917,0,0.215199167219664,2.36216440332509,0,12.0100532287162,0.40078218200035,0
"81",2015-12-07,35.051535167922,13.7276393643395,2.22264572041972,5.20937351034954,12.5975141018645,3.01392454317244,2.51741272118477,0.43237022230379,2.05128636329799,0,0.217903488501576,2.34719264325489,0,12.1002916845348,0.378535238695178,0
"82",2015-12-06,35.0323024530452,13.6058986054988,2.23662617089371,5.2641891924345,12.8410242588961,2.99848983222979,2.54346352703554,0.412603194216303,2.03654712573874,0,0.217947168967555,2.36098182347192,0,12.1689307289862,0.35806439998011,0
"83",2015-12-04,34.7838186288667,13.3514173679709,2.33587372019964,5.31913803552622,13.3839757204533,2.95342826260797,2.57568573832184,0.36384578004778,2.02415273598975,0,0.213290647564226,2.37291258737794,0,12.3657573257741,0.327905959178429,0
"84",2015-12-02,34.5992503293956,13.1067932836012,2.42052259283271,5.44556061835725,13.8644052441879,2.90408938949927,2.64573114421773,0.407886944366827,2.00338085308345,0,0.249886425714887,2.42788390558545,0,12.4900137029755,0.376568022380256,0
"85",2015-12-01,34.4573723565142,12.9193709691435,2.46610214004551,5.49023485323935,14.083558362152,2.90044049679931,2.69670991603864,0.440021964519566,2.08071324249799,0.254927099903908,0.249739208884206,2.47859268785422,0,12.4710192507438,0.399559797034228,0
"86",2015-11-30,34.1505925600217,12.7298245400226,2.4603065064071,5.48588154527596,14.3993081841438,2.90404401356704,2.74217401988671,0.462102124172188,2.16570853096034,0,0.261085464947934,2.50136464808718,0,12.3965954185427,0.411160266182436,0
"87",2015-11-25,32.9686626912213,11.9962658960729,2.46793236546567,5.57998203991462,15.9827860685996,2.82758767830772,2.95151389058038,0.512987644429654,2.4199436753131,0,0.250094138304917,2.56823717380761,0,12.2460315016059,0.507947880493128,0
"88",2015-11-23,32.7131772573098,11.7798977860611,2.47375549699574,5.64467674282918,16.5271199615112,2.7907275402331,3.05858994809065,0.538456758874265,2.57063684256048,0,0.238116699813599,2.578562074299,0,12.2511060003052,0.545435193311446,0
"89",2015-11-19,31.9501434533867,11.142895008593,2.5673741414309,5.90376139679965,17.3470339754573,2.75690380974136,3.18567522043348,0.616821534732487,2.87075118843572,0,0.233079710989857,2.63415596543367,0,11.9044825857692,0.630808535451663,0
"90",2015-11-18,31.7241432812297,10.9649496830512,2.57630138067131,5.97434152343608,17.5502003333524,2.74082383009187,3.20882818369691,0.600619236756325,2.94219463779698,0.578037666810653,0.240721386466837,2.6484327630969,0,11.8156698967674,0.640439147689351,0
"91",2015-11-17,31.4413815146424,10.8130893376844,2.57960547119223,6.03362127680494,17.7843602484107,2.71537251642846,3.22257557903368,0.633966751763449,2.96401372824504,0.602410119793515,0.251225313886994,2.66205523658021,0,11.7282345945945,0.668622940736216,0
"92",2015-11-16,31.1776219002848,10.6194261987332,2.58158143272403,6.09039667218911,18.0093331967678,2.69930799841075,3.24724160257056,0.634685554050841,3.03812058983119,0.627065493010552,0.261783561179352,2.67956385530563,0,11.637909846911,0.685049348527339,0
"93",2015-11-12,29.8081996221898,10.0484135300317,0,6.24479635315063,19.0860749268918,0,3.29475303847431,0,0,0,0,0,0,11.2406562395316,0,0
"94",2015-11-11,29.4553941652464,9.92034466259461,2.46639644357435,6.28906507993915,19.3370341070906,2.57839534918292,3.30531992115822,0.550268372997742,3.12616854065969,0.745645582542177,0.273928532561834,2.69450793770694,0,11.1240837183071,0.746715433093687,0
"95",2015-11-10,29.2190245389558,9.80160899668476,2.44031653766992,6.34137310283059,19.5537801020882,2.55556677550115,3.30910237714698,0,3.15390879442528,0,0,2.68209889284665,0,11.02684647131,0,0
"96",2015-11-09,29.0211155878101,9.69591225703069,2.44018372300455,6.43022005297048,19.729571147474,2.53343216272003,3.31322506235245,0.49449357166557,3.12914782793592,0.768109297021035,0.260571334386287,2.68234988285275,0,10.9313061090151,0.752139917414456,0
"97",2015-11-08,28.8773813969103,9.58345999839774,2.45107810513736,6.5106706652024,19.9171663913229,2.50684470449091,3.3131204002675,0.481714767372261,3.10464686495164,0.77549902000564,0.250957111975777,2.68592128427767,0,10.8473562958257,0.740690213371659,0
"98",2015-11-04,28.5100833188101,8.90631900435137,2.54504623325968,6.82861191187395,20.6886123881796,2.39094165915146,3.35576783712152,0.428038472573996,3.02194877247004,0.831962285836924,0.206499323767437,2.73752817237915,0,10.4816996787108,0.733677534104516,0
"99",2015-11-03,28.4569392081836,8.6742546495651,2.58703093325279,6.88957974632154,20.8889223727861,2.37942899161397,3.38317339000084,0.399520079764962,2.94938429312202,0.849284328638036,0.198067906475006,2.76025160872049,0,10.3723843722878,0.736508948484465,0
"100",2015-11-02,28.4362091873377,8.41711510954332,2.63183849654963,6.94285556950006,21.0879779822565,2.37163025781334,3.42917394491797,0.383295646653266,2.8694794133409,0.835858897129642,0.205842929700675,2.79117230492324,0,10.2395828179563,0.716033683634347,0
"101",2015-11-01,28.4657166398832,8.14810921054153,2.67628205868468,6.99833497028923,21.256398931699,2.36797248464139,3.49436699153494,0.413083080775445,2.80619082448196,0.815925466382596,0.220166927057345,2.81384211500163,0,10.0835989243073,0.704329760086233,0
"102",2015-10-31,28.4650337316059,7.90009473960877,2.70077701269298,7.04627587562485,21.4509023454913,2.38145662752558,3.55593079415083,0.445479439843724,2.81663695261641,0.800704852152356,0.237119254715886,2.82230425857089,0,9.94833039132591,0.688188726989888,0
"103",2015-10-29,28.7478719847085,7.4573873216567,2.75278394542255,7.15231603060451,21.4907333780053,2.39126121036404,3.79185024982051,0.492443750373631,2.75913335395568,0.763570722015611,0.263683126102968,2.8479691985791,0,9.58000792934718,0.658623520567327,0
"104",2015-10-28,28.8810918139647,7.29461408771616,2.74744784305126,7.18250232299509,21.4615456401532,2.41864394629583,3.92348909635288,0.518350796362339,2.81075233379957,0.744497900050729,0.275513103662146,2.83770516011065,0,9.4202116436676,0.652509357142412,0
"105",2015-10-27,28.9982367117229,7.14699864860125,2.73792184734841,7.20308769493668,21.4412912055079,2.44710680102639,4.05406730923748,0.553441934722759,2.87058137122047,0.730091153707001,0.284675369529402,2.82190410373707,0,9.28544922253601,0.630129276312747,0
"106",2015-10-26,29.121428113698,6.99627724596777,2.72752519733693,7.224403954422,21.4247527670381,2.47293864802651,4.18071463565132,0.595779714632995,2.93163615802097,0.721013888146648,0.291637693302897,2.80711830079554,0,9.16918096055018,0.623114353750845,0
"107",2015-10-25,29.2580613876593,6.83455247123676,2.71795575055098,7.25453898294013,21.407005872472,2.49444091363684,4.3046763111909,0.600984650383192,2.99184195938114,0.709333434592444,0.28601551813016,2.79616333646298,0,9.06100404535744,0.609713776940921,0
"108",2015-10-21,29.8264488772033,6.19583702203806,2.72957514705866,7.44571797013288,21.1992742571444,2.55343768965429,4.83754420381982,0.675629538572937,3.25217258239528,0.681731210130112,0.296368256255506,2.81218062864484,0,8.67579139017661,0.578456280907671,0
"109",2015-10-19,29.9600696492572,6.08043022995075,2.70289782763111,7.50539602217989,20.9082711025694,2.60090741188368,5.10075784352733,0.711906470524998,3.34671177978867,0.651611332852635,0.292702085660069,2.86947987708966,0,8.54775821353941,0.568633304046206,0
"110",2015-10-18,30.0001420710231,6.03144958961622,2.67860497687107,7.52606294892574,20.7338542144516,2.63469069869238,5.2333491853231,0.696451293315833,3.39131355272492,0.632760700794512,0.286986208522927,2.90332019537899,0,8.48453087714833,0.564391786893124,0
"111",2015-10-17,29.8953495469034,6.01493021855405,2.65885413532208,7.57150015738784,20.5098740858156,2.66681496468039,5.33922609035449,0.682204722411205,3.40900365033701,0.607076145743048,0.290145745368831,2.9397812596104,0,8.49105072412671,0.571500041121262,0
"112",2015-10-15,29.8245688730218,5.97365121327709,2.61247370190455,7.62473600827836,20.1148349659304,2.74209660798412,5.57906879631901,0.661857206991561,3.49381505958229,0.570861415542522,0.294604730410995,2.96794365967818,0,8.45357037555656,0.579558198133952,0
"113",2015-10-14,29.6729238860448,5.98193772643799,2.60824009155345,7.67207576761783,19.9078322846122,2.76665793274764,5.68642224646679,0.642398043705492,3.51229465666181,0.552406131623029,0.293291291657418,2.97506553661033,0,8.51052944642153,0.565802501763923,0
"114",2015-10-12,29.3683520647093,5.98862197985953,2.65473769344523,7.79284769505822,19.3905056080869,2.78524929370802,5.96906094355257,0.589743752138058,3.51884903153075,0.533184966482569,0.279278217386182,2.99799686573979,0,8.70265355782778,0.630631165276579,0
"115",2015-10-08,28.7783592448924,6.00846169749404,2.7046523040491,8.02409108383141,18.2122774795035,2.8043193870871,6.61281064559052,0,3.39276991056771,0.523128198534475,0.245674372138467,3.05962444275158,0,9.03875229265539,0.720833150121313,0
"116",2015-10-07,28.644104953465,5.99481330978895,2.71939488557254,8.09723095817831,17.9259721071122,2.80766592018385,6.7536166244739,0.461422457338812,3.36939766492461,0.535544687996482,0.240265191660496,3.09162762726612,0,9.10178587715406,0.743923926501969,0
"117",2015-10-05,28.3607188053929,5.96815349130092,2.75072924732582,8.2390491171648,17.3431742857846,2.8373442258247,7.05703085802789,0.416096988010813,3.30844928198113,0.529799299851724,0.229609833872426,3.13339704227019,0,9.16212866297109,0.792643205816913,0
"118",2015-10-04,28.1778402597698,5.96873533283908,2.7674819171439,8.28777609395286,17.1138439353543,2.86490710587343,7.22800794383736,0.397520801670056,3.27022962326099,0.526897894507143,0.235310850228506,3.1187808068099,0,9.18042291975838,0.823841478396172,1.21383174568187
"119",2015-10-01,27.6979525784439,5.95862850343061,2.83462367586849,8.46466430786566,16.6582213002117,2.96294941773707,7.63830473710509,0.3485498861737,3.17847173548871,0.529447453153281,0.265052334522468,2.99821633361522,0,9.08787208765829,0.833677304290834,0
"120",2015-09-30,27.5047026564149,5.94836364052828,2.86411446717867,8.51750142794275,16.4520957012436,2.98717364905638,7.79036558235846,0.330853209237332,3.15403015196655,0.526140620197851,0.272732902433224,2.95677911494719,0,9.11575652699844,0.828757550675489,0
"121",2015-09-29,27.5117736393658,5.9442592313971,2.87236114605578,8.56986462308012,16.3088550524947,3.01483249697804,7.8175192199683,0.315186615731499,3.12616716388622,0.53413641260761,0.277184681560538,2.9276991529271,0,8.97023665072198,0.842028960041907,0
"122",2015-09-28,27.4062097028437,5.93599065291459,2.90221254773447,8.63142039900008,16.1197925175327,3.03467026867307,7.9303893517189,0.296870743429558,3.08676628573743,0.540961557611582,0.284052992985538,2.88160795511135,0,8.9400584736587,0.844941292820393,0
"123",2015-09-27,27.4194255358581,5.94272259971348,2.91437150301629,8.66233622957667,15.9547837333097,3.05303665546794,7.95231310092084,0.278688744010874,3.04871214075832,0.53937702647812,0.288549702328252,2.85082493775388,0,8.81316722734753,0.842850371010498,0
"124",2015-09-24,27.6077393349467,5.97951543574685,2.90396797489292,8.64392489667199,15.5668880443972,3.06998086984036,7.72167682266351,0.23708958331565,2.95164361435494,0.565226368212007,0.297602486572903,2.81196522142053,0,8.28985672614746,0.84678779786043,0
"125",2015-09-23,27.7162171049176,5.9880602549104,2.88759420641648,8.61319812696319,15.5020872680063,3.06393866591132,7.55999667056883,0.223241596159618,2.93512026938762,0.57246269282397,0.298835987005343,2.81749981850524,0,8.06619165295937,0.839230409636429,2.24949783237821
"126",2015-09-22,27.7541546614112,5.98283623705435,2.86544379159709,8.61185243356452,15.4419031415298,3.08787364394055,7.46802339336143,0.209771560495524,2.90230173214049,0.569469079635867,0.29625843299545,2.80736189628033,0,7.84325738048059,0.832375220085558,0
"127",2015-09-21,27.9507844831945,5.97211010074793,2.85969215048884,8.57433837574866,15.4534844948994,3.06590238941789,7.20850901689457,0.213436564537371,2.93469340709789,0.574800535737737,0.285670764290873,2.82117323833573,0,7.57470963072624,0.842971937631488,2.44364603837895
"128",2015-09-20,28.3063196857629,5.98456939570012,2.85906658784034,8.53566847368751,15.5419243691451,2.9860558586139,6.83176188310588,0.225211500191897,3.02123188203044,0.591299578107543,0.272304970595435,2.85651602025441,0,7.33325577753795,0.858669261838996,2.54006779321064
"129",2015-09-19,28.6715575983032,5.996263497254,2.8560512957745,8.53465019203288,15.667476448573,2.9131761810885,6.47983071875701,0.233684898815564,3.11753792796787,0.602272038697305,0.270445682402346,2.8717619358959,0,7.11084484507216,0.866017632229571,2.63616463382122
"130",2015-09-18,28.9744122408168,5.9972356872481,2.85549316903026,8.54310857264068,15.763627834561,2.86437197381513,6.1991027256839,0.246497344772487,3.19567550348756,0.616073658511885,0.260937723875578,2.87615870647005,0,6.87488844577899,0.878459723185654,2.73229264940814
"131",2015-09-16,29.6633947461795,6.01573642572411,2.85107479520398,8.53946843318864,15.9372820029606,2.7429239872195,5.61605780247947,0.27553915981359,3.37069305877324,0.65074244503667,0.228783477468642,2.90347494372508,0,6.39372926555906,0.910339508572886,2.92839387019681
"132",2015-09-15,30.005563402821,6.0410464016461,2.84656620168675,8.56487972695288,16.0369311783465,2.68110050952659,5.30686798852486,0.288740671108269,3.47705536096625,0.670236652794164,0.210558512381001,2.88900161538964,0.657618513179136,6.20495644020577,0.932460205572864,3.03152165607742
"133",2015-09-13,30.5503257843995,6.08238366895222,2.8823105108426,8.60923491425604,15.9874622876402,2.59867178010083,4.80320602438448,0.308858210973872,3.67603903185174,0.687900672208392,0.178511072355282,2.86543801473876,0.742070211402059,5.93248802779759,0.956780635658454,3.25959987388829
"134",2015-09-10,31.2035683861184,6.08048101087019,2.96838444245488,8.64036522280916,15.6656581565134,2.4976294240621,4.14364245792184,0.316978827066396,3.98096905229693,0.703939237240002,0.128308541835486,2.86089463720422,0.867312611869509,5.6879833128447,1.02459843390305,3.66158785070971
"135",2015-09-09,31.382466290214,6.07469065961454,2.99452356126804,8.63225044943634,15.5422202049386,2.46322382200575,3.94880592353831,0.32177713708661,4.07749479384058,0.710205408214004,0.117170447670844,2.86921395594618,0.908780517782124,5.61723967733727,1.04617588064395,3.79226882400603
"136",2015-09-08,31.4227859571823,6.06004103692033,3.03308236878054,8.61542135398973,15.3133529863163,2.45716701806476,3.88415023578752,0.325461795805371,4.1543936792708,0.708831372911822,0.103675524058275,2.87605931748906,0.950116027889686,5.61497369282325,1.06105994826495,3.93031130298545
"137",2015-09-07,31.5484355371631,6.05828878012482,3.06896194622297,8.60512005367385,15.1775099643666,2.42855898040062,3.75333511562548,0.334370894415138,4.23191982270335,0.724082308384458,0.0918953882320329,2.87982923837535,0.991271199465335,5.56415802153676,1.08454651207589,4.06750883810698
"138",2015-09-02,31.4774023245331,6.06416619600549,3.2520551426659,8.71255307208103,14.3975083506428,2.39020847302707,3.6347612222214,0.392016242357414,4.53979143430106,0.769103098534738,0.0564916199316157,2.88970817732643,1.19328511517811,5.52503577476094,1.12553172514721,4.70951691181386
"139",2015-09-01,31.293560242605,6.05971713609008,3.2794906710407,8.78383249423338,14.1779403086129,2.413532215636,3.68324901834489,0.400554127446163,4.59197711802005,0.772467602258186,0,2.90968347362024,1.23229251513996,5.56539829462077,1.11567740066355,4.8316374675783
"140",2015-08-30,30.7587858951918,6.0459987557617,3.32461381328073,8.97005919784174,13.6183445222346,2.48903799266387,3.81204923492827,0.411037883245908,4.68891850661017,0.779919332300282,0.0505027364965768,3.00185496970463,1.30759841774924,5.68268411265921,1.11181321829114,5.0666449722588
"141",2015-08-26,29.5601577678865,6.03184008283853,3.39726925306948,9.3307216079396,12.4261696076706,2.6453394266394,4.08715057961115,0.445627845357898,4.89637600232935,0.799388000479624,0.0769919476620492,3.20138871872093,1.44050757216073,5.95253028490339,1.09200400898676,5.4634883714021
"142",2015-08-25,29.2562710391252,6.02773688808004,3.4130254367602,9.40048313351091,12.1135233863857,2.68130644647644,4.16214856571937,0.457983434701686,4.93429967169435,0.802186813966298,0.0843180451721274,3.2568075825314,1.46817762503064,6.02969231682273,1.08587639472747,5.5570748443179
"143",2015-08-22,28.364232178665,6.00560310804904,3.48401565597293,9.53599022450262,11.0923686480981,2.77837860868804,4.41723046036227,0.483123744477124,5.03677858804285,0.810302321468275,0.106671958113254,3.45205465840461,1.54354328691131,6.27102878164146,1.06938492813424,5.82044630648034
"144",2015-08-19,27.3867870290934,6.01262533220641,3.42521302251855,9.85381177424726,10.3116753935674,2.86542105886559,4.42553875416004,0.561825837912323,5.05590790651046,0.870356885277064,0.134157317445291,3.69921905042412,1.61384189213018,6.45102088892481,1.05242818272718,6.17004881981255
"145",2015-08-18,27.0877335206773,6.01323423371002,3.39210468204959,9.98244481546757,10.0604926402072,2.89504805828951,4.35969686693986,0.58359591507377,5.06147043401264,0.898823260748349,0.144076221824019,3.77655866258291,1.64591717167019,6.47515638061201,1.04782009554754,6.3097863805846
"146",2015-08-16,26.2756723720506,6.05118307594295,3.36307307487233,10.2403936066591,9.62437323017748,2.95961227624638,4.36391302230406,0.632644804942884,5.10012738344248,0.945739910587313,0.164730286818526,3.92218151330452,1.71838156915932,6.56648389846776,1.00910218322678,6.53693080449332
"147",2015-08-13,25.4728816651401,6.03456396516178,3.19701930126374,10.851270877178,8.91345769531148,3.05328573887076,3.89158074565906,0.6687853528635,5.17523406810492,1.05611562077869,0.187583739832066,4.18112963613489,1.73661456469647,6.58587469062434,1.0243712561355,7.04306577812242
"148",2015-08-12,25.2050113031075,6.01503294877149,3.12610041733286,11.0526249217011,8.65234731118144,3.08898977546986,3.74718944548181,0.681678109550235,5.20393722866389,1.09295358818251,0.192819713369794,4.28658913857797,1.73318115523526,6.60748131666258,1.03376965819109,7.20537754585333
"149",2015-08-10,24.9185640027336,5.99754147471075,3.01855262963057,11.3690871462954,8.12182221355909,3.14254421412982,3.35575370745647,0.699765044081183,5.25078300758948,1.1649564670304,0.214846859732076,4.44145464464398,1.77184863253051,6.4877701511829,1.08478890422853,7.64233555608027
"150",2015-08-09,24.8089601020959,5.9963220225575,2.99364042335995,11.503910727857,7.88834739187192,3.15976909218167,3.17355426484471,0.71387706185323,5.2743578509109,1.19633013119232,0.229459416838925,4.50168027607505,1.79092768400834,6.41738074214138,1.11249723676605,7.87692847666977
"151",2015-08-08,24.6520837751221,6.00731633545737,2.9509445147324,11.6468493210843,7.66328561245591,3.17152589152699,3.00863929168241,0.745565418292201,5.26458572389459,1.23469251956575,0.247282062720262,4.56551277813823,1.7960341244049,6.38019569012121,1.12939080741877,8.03513203103365
"152",2015-08-05,24.5442089325498,5.99114620807514,2.98195258916888,11.9636162424309,7.08639395437611,3.18056864138071,2.39614596271009,0.789436330615386,5.35165971848778,1.30885960781152,0.300901341757252,4.66568040214339,1.89853994518052,6.04911150652388,1.2366323387781,8.94099234964819
"153",2015-08-04,24.5259242493867,5.97534261866647,3.00155487608345,12.0742855365414,6.88889557887705,3.18731855789599,2.17099062715146,0.796987933950522,5.37631048637878,1.3323657967015,0.319820781494894,4.69628281647714,1.94144847893783,5.92720529664784,1.27782496076094,9.27475070977182
"154",2015-08-03,24.5157922773875,5.94971683987151,3.0376365515602,12.1955398648706,6.69391688399797,3.1993359728956,1.95000898638902,0.796479138126531,5.40145004907167,1.35209844359065,0.340753200990264,4.72435184916084,1.98586393019659,5.80464057841912,1.32260172347321,9.62166354495902
"155",2015-08-02,24.5546399516269,5.91549549741142,3.09124497793706,12.3433035261132,6.46530338027694,3.21586893252594,1.69698231060645,0.789353635993526,5.42080227620519,1.36044488662192,0.362949233178209,4.75899720258259,2.01644757501829,5.65835695659119,1.36096951917118,9.9842254168875
"156",2015-07-30,24.2138769619902,5.67952777222368,3.1288640758201,12.680206408172,6.28818730492933,3.26212558227458,1.52512951812469,0.746760818869503,5.63639996247571,1.37630504879458,0.403804910898197,4.81081671498442,2.09822106321311,5.53911190710475,1.42121561984744,10.8614566878296
"157",2015-07-29,24.0643296334096,5.57558536583462,3.12193401416563,12.7644434396185,6.30630909895529,3.27596640412769,1.49693365351379,0.72537771900709,5.72444509344962,1.37147732442187,0.411207771359817,4.82923279939501,2.11577311414149,5.5557510339417,1.43405819672108,11.1298754393608
"158",2015-07-28,23.8727079009549,5.47391081130114,3.14711865175178,12.8254448155109,6.35711609071591,3.28076906933805,1.51967133546019,0.710738692519647,5.79550683704327,1.36813538200967,0.425755757478407,4.85210517420587,2.12765173344204,5.60233299066512,1.44928776157021,11.3872740059527
"159",2015-07-27,23.694025334409,5.37034578540298,3.11500933099988,12.8729939652337,6.42801865205707,3.2838236030872,1.54194000733595,0.684453649054657,5.86947858131609,1.34470799940586,0.42209998369205,4.86321542021809,2.12817394431358,5.65959700276957,1.45381795226434,11.6490940305597
"160",2015-07-25,22.9819701212462,5.379848995548,2.86418106209268,12.9365318078226,6.4946340342803,3.29500145871134,1.52328287271725,0.613033932389846,5.81681287239203,1.28272123365112,0.387427243247031,4.98170970687838,2.10260041462711,5.8127612771222,1.48188822309052,11.8213728945848
"161",2015-07-21,21.1337579887659,5.69518756814125,2.48604328275499,13.2291146109119,6.35783302134398,3.29878854434754,1.4815095770697,0.511483394180186,5.6985634365908,1.23596454743179,0.348719454413565,5.26567785596901,2.06529430783626,6.08559654271725,1.5368462311821,11.2169619867433
"162",2015-07-20,20.6837826185233,5.72424446241734,2.39422268779415,13.2737318922532,6.34199322125561,3.31010740001063,1.49881655545122,0.483639828299596,5.70687760688246,1.24376504473323,0.334120484508912,5.34963448173982,2.07346041966181,6.18017002216965,1.55261361752302,11.0645811160937
"163",2015-07-19,20.2443615062208,5.73501484823616,2.30573730210303,13.3034584484424,6.33563440668956,3.32083755222899,1.51612838131246,0.456760276514637,5.72721045606659,1.24459591243094,0.321369532589241,5.44036285478294,2.07728230812623,6.28371293575885,1.56391594675593,10.9259677766539
"164",2015-07-15,18.5077862863094,5.69493297641471,2.10166019397926,13.4372465905251,6.39978000319769,3.35211909586432,1.60811623392536,0.466617071422762,5.798687848046,1.34830758490455,0.255556836017351,5.88636660666819,2.17652233964003,6.72627691703575,1.61812855389156,10.4826186287971
"165",2015-07-14,18.0690753466716,5.60142832461007,2.01241516502525,13.4865122237855,6.48928444461376,3.34736101918573,1.62654528750038,0.45361685687635,5.81102024043499,1.36289246570454,0.238017799811813,6.06423642779916,2.19079516965076,6.85007233586748,1.63009899805621,10.3829001101853
"166",2015-07-13,17.6217738174628,5.54734253273172,0,13.5374016634932,6.55160237706946,3.32648296419401,1.64961079939922,0,5.81723056887306,0,0,6.2309582966898,0,6.96164723653115,0,10.2616709383428
"167",2015-07-12,17.214621995772,5.4473986926681,2.05778984725081,13.6062719366799,6.67783179640806,3.28911779549906,1.68959370793493,0.556288177149188,5.81306186594092,1.43378568295673,0.221966699748877,6.40942225213532,2.25301885088875,7.0696934691993,1.70161352352327,10.1808943179239
"168",2015-07-06,14.6869303843667,5.32269045431028,1.99788971107387,13.6081569273537,7.60185028442954,3.19361617315916,1.96846671544847,0.743438644109677,6.01753698727947,1.34447388077557,0.192553715766304,7.10011775050142,2.41146151060752,7.89201062547266,1.92269625576036,10.0759695410687
"169",2015-06-29,11.119880532819,5.35448857820726,1.91726182283375,13.3539361380131,8.49214069942672,3.36839019591095,2.28415311678682,0.893201040631922,6.49625712595133,1.23880519805804,0.133396286191309,7.55931887118882,2.6548756689729,8.82505038311687,2.20773897119549,10.0042607835299
"170",2015-06-28,10.6904552532917,5.38324504101481,1.926126406931,13.2852784092737,8.60322239265042,3.40815289469173,2.31382336249528,0.911408916922137,6.56442089945433,1.22407714582145,0.129242177081917,7.61541765351077,2.66940025476144,8.92202446829122,2.23122761505172,10.0165099814166
"171",2015-06-23,9.34758302963082,5.67907465379558,1.9610323544437,13.0173043362226,8.80980735328706,3.58042344264401,2.30923019198441,0.961159010348223,6.9205097441791,1.17354044172317,0.126136324440298,7.92661618259227,2.70789915536606,9.23942616700141,2.28247173097207,10.1293105397183
"172",2015-06-22,9.10417631652696,5.73579455010793,1.96565829544944,12.9562515286106,8.8359985345353,3.59883134562777,2.3188661529438,0.968809144721216,7.00313582118923,1.16631708814128,0.12734051497656,7.97754535664255,2.71299516719725,9.30516360817635,2.2844222372286,10.1659383096503
"173",2015-06-18,8.05648008387072,5.73116372316889,1.99356262759672,12.8381601248878,9.21658622947165,3.69346720963091,2.33008632295325,1.0093275437949,7.26075956289323,1.14303175945003,0.130396012565712,8.36934848919035,2.74713951457807,9.73374672986739,2.28680630504708,10.1751599294408
"174",2015-06-15,7.34128466048863,5.84488343315367,2.01680336804784,12.6438047708696,9.35435863369719,3.74609502438862,2.40112041522975,1.03264131185068,7.50897666222942,1.12561938338554,0.129258480238818,8.50076232310571,2.73076193877698,9.98702115960054,2.22551886144019,10.369078271616
"175",2015-06-14,7.11668774942386,5.86343999454129,2.02265284396601,12.5902775384717,9.4239360812091,3.7878614707538,2.39175643519801,1.03454204984599,7.5849134502797,1.11912216024057,0.12824307934622,8.55432655782762,2.75076445752064,10.0851841909379,2.24584882216562,10.4383731558186
"176",2015-06-08,0,6.10542649636182,2.06655332670286,12.2483905749031,9.6310877554385,4.0471736798736,2.34198388843274,1.03999610461608,8.04655343773372,1.07378880279038,0.120286142147863,8.66048062174122,2.73044984778954,10.6173979529347,2.19256142975419,10.9833403984594
"177",2015-06-02,4.95410400156862,6.42033154193852,2.11194964724728,12.0294742111611,9.57783109266385,4.3274642165999,2.26218618194713,1.05547350123923,8.38222508899566,1.01155669748817,0.142599028010791,8.64526811125831,2.65680934931976,11.0761061653247,2.12038837833845,11.651901485969
"178",2015-06-01,0,6.48603147659645,2.11708743513466,11.9770950666034,9.57752039314371,4.37729163469055,2.23774470262144,1.04893977212828,8.44964874922329,1.00378841201898,0.149052204841025,8.64430677777278,2.64125925761383,11.1478816248687,2.10067745789181,11.7455877321377
"179",2015-05-31,4.78722144662549,6.54385439417883,2.12136439953092,11.950674588027,9.52769078772552,4.41720399655329,2.21191223369066,1.04315819431507,8.46808021932104,1.00378165563045,0.15548648204265,8.64900955387798,2.62859345414135,11.2229286814142,2.07425104964627,11.8627416542985
"180",2015-05-26,4.52944822101034,6.85607192137397,2.11025964491684,11.773203092861,9.30973587547529,4.63325779009609,2.06306161569398,1.04900848230306,8.61427094911442,1.03226453156399,0.18413924166721,8.68400702108863,2.56410248913679,11.5594090782482,1.97277838111315,12.3557528988727
"181",2015-05-25,0,6.91376567731033,2.10476214780776,11.7718198856858,9.21892298084449,4.66416054590292,2.03713453539988,1.05483442006363,8.58352036439652,1.04148866988453,0,8.70420114461103,2.55839417561943,11.6072463127201,1.95589489302009,12.4329160472664
"182",2015-05-18,0,7.31974584465872,2.08260338566861,11.7297171516649,8.70591136253221,4.89812058379838,1.86791464444494,1.07128893767696,8.53847913865765,1.07764699082958,0,8.84711872103004,2.50707721240925,11.8644532084617,1.83167066471865,12.9208088022658
"183",2015-05-16,0,7.44270486818212,0,11.7693626361067,8.53511863194578,4.94004926593551,0,0,8.46414481470107,0,0,8.90733757017396,0,11.8537040964986,1.78804853504973,13.0021231167713
"184",2015-05-12,4.76125231410942,7.65857593777418,2.04951204867168,11.790860483513,8.2606182516891,5.05118208905929,1.72287733019377,1.08548696639889,8.40901717329908,1.12479853198383,0.266266301719588,8.99616483460015,2.4344237193289,11.9666585518443,1.71105112683145,13.2803858501466
"185",2015-05-11,0,7.71531689274027,2.04793719483477,11.8072728858659,8.18999379963584,5.07348448595884,1.70619057966786,1.0859099589,8.38100728346681,1.13360385780061,0,9.01909086940891,2.41861880067257,11.9757846975344,1.70187867505689,13.3380684061723
"186",2015-05-10,0,7.77260932811663,0,11.8259184035787,8.12250942049711,5.09470772954253,0,0,8.35262007925439,0,0,9.04022580239843,2.42821586076961,11.9788763605616,0,13.3944351950699
"187",2015-05-04,0,8.1539901343137,1.94459629993762,12.0002385078611,7.82701734662182,5.19188387869274,1.5829396405346,1.078136457918,8.20420056773139,1.18917210959065,0,9.11442951839173,2.50708397867923,11.7895595560054,1.61199028266399,13.6923749464616
"188",2015-04-30,0,8.47862556315383,0,12.2132315039778,7.82268117798574,5.20008886909114,1.53672856433793,0,8.17127522930762,0,0,9.08040050874227,2.54317107739959,11.2549105969801,0,13.8032065363679
"189",2015-04-27,0,8.66783216229967,1.87166154149678,12.3701673242077,7.81579469612946,5.22509407956043,1.49647849560069,1.06194297563662,8.12715906970514,1.24139480990989,0,9.05049436668691,2.60948453910159,10.9177884494158,1.57497993200661,13.9280126913371
"190",2015-04-21,4.13246438962367,8.92303225661189,1.80871406137789,12.6921648849611,7.76966846411429,5.30614094713885,1.4250165610662,1.05084966541198,8.03666674958816,1.28516048040307,0.375915303759996,9.02395607699474,2.72263864765176,10.3227149378741,1.53601823867796,14.1539689851529
"191",2015-04-20,0,8.98326297298821,1.79779724068974,12.7368334974167,7.73144394362541,5.32166366883918,1.41028718070021,1.04929535741522,8.00538675572062,1.29430988144346,0,9.02791639252174,2.7445188967516,10.256483408891,1.52911628598249,14.1912934533275
"192",2015-04-19,0,8.98877729017439,1.78764621462231,12.8040740037478,7.74271634176904,5.33587385352379,1.40205162880855,1.04812241477573,8.00479941028468,1.30327821739493,0.386484432530285,9.02145326964874,2.76130806729441,10.1277755468562,1.52897529485176,14.2147637640531
"193",2015-04-13,0,9.02581387074063,1.72392095079358,13.197200740972,7.69808399707676,5.42523551911445,1.34888738205172,1.04829287450732,7.96097488393173,1.36574568947198,0,8.97886562096771,2.88694096332828,9.45062227536314,1.5444469976942,14.3607226818866
"194",2015-04-02,3.67770352139951,8.12711086026769,1.62476592912834,13.9965592102874,7.77099135872435,5.6622682023572,1.24295529038227,1.05774073976782,8.26448018952356,1.47268486857629,0.478010930652124,8.74216459668566,2.93443557756487,8.28616237874348,1.62166520160086,14.7781650246568
"195",2015-03-31,3.64142750427664,7.96096395611298,1.60843234718035,14.1117481135127,7.77798942033693,5.70184521673892,1.22406324318566,1.05856567523764,8.32874912595401,1.4894434216101,0.488973272239558,8.72372383691117,2.93815544210227,8.09281553043137,1.64207727922372,14.8114884197121
"196",2015-03-29,0,7.80449996048584,1.59191992407415,14.2237420405614,7.78744328644872,5.7402179488524,1.2054072474993,1.05936235441856,8.39227562664782,1.50570892328129,0,8.70823779865182,2.9498519150841,7.89678221657148,1.65998192873517,14.8339470046908
"197",2015-03-23,0,7.46167079185154,1.54082912620124,14.5522175191742,7.85275838203396,5.83483678411057,1.15088580776322,1.05782524699868,8.55627837708617,1.55328680751486,0,8.65836024405453,2.968500483815,7.34029625358874,1.69776750516062,14.8319677344477
"198",2015-03-15,0,7.03785519259124,1.47069386727052,14.8211992112159,8.09772341631875,5.92912120827731,1.08082714183057,1.02071848269128,8.79106785780948,1.61659015778638,0,8.64225233195075,2.99591884705265,6.62365380364121,1.72665305634863,14.3020551431806
"199",2015-03-04,0,6.70545525344328,0,14.9450912460869,8.52106060640917,6.0174473002802,0.985679918110602,0.946627064980859,8.98875860936528,0,0,8.59064477228984,2.95088003743505,5.81791872374218,1.75728602028208,13.3458130389807
"200",2015-03-02,0,6.6455916341286,1.35742651910031,14.9638453789713,8.59282465996094,6.03340488768428,0,0.933004167716463,9.02223811821961,1.72107955980941,0,8.57537230045871,2.94075811473633,5.67065078953964,1.76317935567791,13.1911074547047
"201",2015-02-23,0,6.41809598340748,1.2979532605993,15.0359919132116,8.83126478596684,6.09193241122784,0.907690379194525,0.886282200007862,9.14331095165339,1.77867521929056,0,8.5175947844457,2.90341972767439,5.15510603922101,1.78570563349027,12.6829403342753
"202",2015-02-22,0,6.38343383645931,0,15.0469485959026,8.86396559226139,6.10058473259012,0,0,9.16114895820792,0,0,8.50928847004361,2.89789116510972,5.08179464538433,0,12.6130989449103
"203",2015-02-15,0,6.12949745851173,1.23208096536784,15.1245012231512,9.08627109235877,6.16230194674131,0.836498336900718,0.834788010967019,9.28889166288707,1.84523452065027,0,8.45362068280577,2.85799888442925,4.57330030507687,1.81509385389677,12.1311216376357
"204",2015-01-27,0,5.41952339098839,1.08589825754787,15.2885409023376,9.67074150833672,6.32323905751352,0,0.716181243999387,9.63932692766312,2.00112297383127,0,8.3354049483843,2.7390407821687,3.25010963588694,1.89102769718469,10.7726704488433
"205",2015-01-25,0,5.34926378424993,0,15.298675069963,9.73337359684681,6.3380819083148,0,0,9.67501915663383,0,0,8.3256161879694,2.72558015680355,0,0,10.6197050303687
"206",2015-01-12,0,4.93641475419793,0,15.3230179117729,10.1526792407382,6.42103336280644,0,0.619431008092707,9.8937146629806,0,0,8.26942248926944,2.63252560745159,2.26407742938926,0,9.56831055733348
